Path,User,Timestamp
/index.html,04a5d9a7-0a76-47a8-abd3-9e39a1abce50,2017-09-28T19:38:59+00:00
/index.html,04a5d9a7-0a76-47a8-abd3-9e39a1abce50,2017-09-28T19:38:59+01:00
/index.html,04a5d9a7-0a76-47a8-abd3-9e39a1abce50,2017-09-28T19:38:59+02:00
/index.html,04a5d9a7-0a76-47a8-abd3-9e39a1abce50,2017-09-28T19:38:59+03:00


/index.html,04a5d9a7-0a76-47a8-abd3-9e39a1abce51,2017-09-28T19:38:59+00:00
/index.html,04a5d9a7-0a76-47a8-abd3-9e39a1abce51,2017-09-28T19:38:59+01:00
/index.html,04a5d9a7-0a76-47a8-abd3-9e39a1abce51,2017-09-28T19:38:59+02:00
/index.html,04a5d9a7-0a76-47a8-abd3-9e39a1abce51,2017-09-28T19:38:59+03:00
/index.html,04a5d9a7-0a76-47a8-abd3-9e39a1abce51,2017-09-28T19:38:59+04:00
/index.html,04a5d9a7-0a76-47a8-abd3-9e39a1abce51,2017-09-28T19:38:59+05:00
/index.html,04a5d9a7-0a76-47a8-abd3-9e39a1abce51,2017-09-28T19:38:59+06:00
/index.html,04a5d9a7-0a76-47a8-abd3-9e39a1abce51,2017-09-28T19:38:59+07:00
/index.html,04a5d9a7-0a76-47a8-abd3-9e39a1abce51,2017-09-28T19:38:59+08:00
/index.html,04a5d9a7-0a76-47a8-abd3-9e39a1abce51,2017-09-28T19:38:59+09:00
/index.html,04a5d9a7-0a76-47a8-abd3-9e39a1abce51,2017-09-28T19:38:59+10:00
/index.html,04a5d9a7-0a76-47a8-abd3-9e39a1abce51,2017-09-28T19:38:59+11:00


/profile.html,04a5d9a7-0a76-47a8-abd3-9e39a1abce49,2017-09-28T19:38:59+00:00
/profile.html,04a5d9a7-0a76-47a8-abd3-9e39a1abce49,2017-09-28T19:38:59+01:00
/profile.html,04a5d9a7-0a76-47a8-abd3-9e39a1abce49,2017-09-28T19:38:59+02:00
/profile.html,04a5d9a7-0a76-47a8-abd3-9e39a1abce49,2017-09-28T19:38:59+03:00
/profile.html,04a5d9a7-0a76-47a8-abd3-9e39a1abce49,2017-09-28T19:38:59+04:00
/profile.html,04a5d9a7-0a76-47a8-abd3-9e39a1abce49,2017-09-28T19:38:59+05:00
/profile.html,04a5d9a7-0a76-47a8-abd3-9e39a1abce49,2017-09-28T19:38:59+06:00
/profile.html,04a5d9a7-0a76-47a8-abd3-9e39a1abce49,2017-09-28T19:38:59+07:00
/profile.html,04a5d9a7-0a76-47a8-abd3-9e39a1abce49,2017-09-28T19:38:59+08:00
/profile.html,04a5d9a7-0a76-47a8-abd3-9e39a1abce49,2017-09-28T19:38:59+09:00
